-- phpMyAdmin SQL Dump
-- version 4.8.0.1
-- https://www.phpmyadmin.net/
--
-- Host: 127.0.0.1
-- Generation Time: Dec 14, 2020 at 10:21 AM
-- Server version: 10.1.32-MariaDB
-- PHP Version: 5.6.36

SET SQL_MODE = "NO_AUTO_VALUE_ON_ZERO";
SET AUTOCOMMIT = 0;
START TRANSACTION;
SET time_zone = "+00:00";


/*!40101 SET @OLD_CHARACTER_SET_CLIENT=@@CHARACTER_SET_CLIENT */;
/*!40101 SET @OLD_CHARACTER_SET_RESULTS=@@CHARACTER_SET_RESULTS */;
/*!40101 SET @OLD_COLLATION_CONNECTION=@@COLLATION_CONNECTION */;
/*!40101 SET NAMES utf8mb4 */;

--
-- Database: `route`
--
CREATE DATABASE IF NOT EXISTS `route` DEFAULT CHARACTER SET utf8 COLLATE utf8_unicode_ci;
USE `route`;

-- --------------------------------------------------------

--
-- Table structure for table `ambulance`
--

CREATE TABLE `ambulance` (
  `idn` int(11) NOT NULL,
  `name` varchar(100) COLLATE utf8_unicode_ci NOT NULL,
  `license_plate` varchar(10) COLLATE utf8_unicode_ci NOT NULL,
  `description` varchar(100) COLLATE utf8_unicode_ci DEFAULT NULL
) ENGINE=InnoDB DEFAULT CHARSET=utf8 COLLATE=utf8_unicode_ci;

-- --------------------------------------------------------

--
-- Table structure for table `arc`
--

CREATE TABLE `arc` (
  `ida` int(11) NOT NULL,
  `inb` int(11) NOT NULL,
  `ine` int(11) NOT NULL,
  `amount_time` int(11) NOT NULL
) ENGINE=InnoDB DEFAULT CHARSET=utf8 COLLATE=utf8_unicode_ci;

--
-- Dumping data for table `arc`
--

INSERT INTO `arc` (`ida`, `inb`, `ine`, `amount_time`) VALUES
(1, 1, 6, 3),
(2, 1, 6, 5),
(3, 1, 8, 3),
(4, 1, 8, 10),
(5, 1, 8, 5),
(6, 1, 9, 4),
(7, 1, 9, 7),
(8, 2, 7, 2),
(9, 2, 7, 5),
(10, 2, 10, 7),
(11, 2, 10, 8),
(12, 2, 10, 9),
(13, 3, 11, 3),
(14, 3, 11, 4),
(15, 3, 12, 3),
(16, 3, 12, 5),
(17, 4, 13, 5),
(18, 4, 13, 3),
(19, 4, 14, 4),
(20, 4, 14, 5),
(21, 4, 14, 6),
(22, 5, 14, 14),
(23, 5, 14, 15),
(24, 5, 15, 8),
(25, 5, 15, 9);

-- --------------------------------------------------------

--
-- Table structure for table `arc_point`
--

CREATE TABLE `arc_point` (
  `ida` int(11) NOT NULL,
  `idp` int(11) NOT NULL,
  `seq` int(11) NOT NULL
) ENGINE=InnoDB DEFAULT CHARSET=utf8 COLLATE=utf8_unicode_ci;

--
-- Dumping data for table `arc_point`
--

INSERT INTO `arc_point` (`ida`, `idp`, `seq`) VALUES
(1, 1, -1),
(1, 6, 33),
(1, 16, 1),
(1, 17, 2),
(1, 18, 3),
(1, 19, 4),
(1, 20, 5),
(1, 21, 6),
(1, 22, 7),
(1, 23, 8),
(1, 24, 9),
(1, 25, 10),
(1, 26, 11),
(1, 27, 12),
(1, 28, 13),
(1, 29, 14),
(1, 30, 15),
(1, 31, 16),
(1, 32, 17),
(2, 1, -1),
(2, 6, 35),
(2, 16, 1),
(2, 17, 2),
(2, 33, 3),
(2, 34, 4),
(2, 35, 5),
(2, 36, 6),
(2, 37, 7),
(2, 38, 8),
(2, 39, 9),
(2, 40, 10),
(2, 41, 11),
(2, 42, 12),
(2, 43, 13),
(2, 44, 14),
(2, 45, 15),
(2, 46, 16),
(2, 47, 17),
(2, 48, 18),
(2, 49, 19),
(2, 50, 20),
(2, 51, 21),
(2, 52, 22),
(2, 53, 23),
(2, 54, 24),
(2, 55, 25),
(2, 56, 26),
(2, 57, 27),
(2, 58, 28),
(2, 59, 29),
(2, 60, 30),
(2, 61, 31),
(2, 62, 32),
(2, 63, 33),
(2, 64, 34),
(3, 1, -1),
(3, 8, 29),
(3, 65, 1),
(3, 66, 2),
(3, 67, 3),
(3, 68, 4),
(3, 69, 5),
(3, 70, 6),
(3, 71, 7),
(3, 72, 8),
(3, 73, 9),
(3, 74, 10),
(3, 75, 11),
(3, 76, 12),
(3, 77, 13),
(3, 78, 14),
(3, 79, 15),
(3, 80, 16),
(3, 81, 17),
(3, 82, 18),
(3, 83, 19),
(3, 84, 20),
(3, 85, 21),
(3, 86, 22),
(3, 87, 23),
(3, 88, 24),
(3, 89, 25),
(3, 90, 26),
(3, 91, 27),
(3, 92, 28),
(4, 1, -1),
(4, 8, 24),
(4, 93, 1),
(4, 94, 2),
(4, 95, 3),
(4, 96, 4),
(4, 97, 5),
(4, 98, 6),
(4, 99, 7),
(4, 100, 8),
(4, 101, 9),
(4, 102, 10),
(4, 103, 11),
(4, 104, 12),
(4, 105, 13),
(4, 106, 14),
(4, 107, 15),
(4, 108, 16),
(4, 109, 17),
(4, 110, 18),
(4, 111, 19),
(4, 112, 20),
(4, 113, 21),
(4, 114, 22),
(4, 115, 23),
(5, 1, -1),
(5, 8, 19),
(5, 116, 1),
(5, 117, 2),
(5, 118, 3),
(5, 119, 4),
(5, 120, 5),
(5, 121, 6),
(5, 122, 7),
(5, 123, 8),
(5, 124, 9),
(5, 125, 10),
(5, 126, 11),
(5, 127, 12),
(5, 128, 13),
(5, 129, 14),
(5, 130, 15),
(5, 131, 16),
(5, 132, 17),
(5, 133, 18),
(6, 1, -1),
(6, 9, 42),
(6, 134, 1),
(6, 135, 2),
(6, 136, 3),
(6, 137, 4),
(6, 138, 5),
(6, 139, 6),
(6, 140, 7),
(6, 141, 8),
(6, 142, 9),
(6, 143, 10),
(6, 144, 11),
(6, 145, 12),
(6, 146, 13),
(6, 147, 14),
(6, 148, 15),
(6, 149, 16),
(6, 150, 17),
(6, 151, 18),
(6, 152, 19),
(6, 153, 20),
(6, 154, 21),
(6, 155, 22),
(6, 156, 23),
(6, 157, 24),
(6, 158, 25),
(6, 159, 26),
(6, 160, 27),
(6, 161, 28),
(6, 162, 29),
(6, 163, 30),
(6, 164, 31),
(6, 165, 32),
(6, 166, 33),
(6, 167, 34),
(6, 168, 35),
(6, 169, 36),
(6, 170, 37),
(6, 171, 38),
(6, 172, 39),
(6, 173, 40),
(6, 174, 41),
(7, 1, -1),
(7, 9, 54),
(7, 134, 1),
(7, 135, 2),
(7, 136, 3),
(7, 137, 4),
(7, 138, 5),
(7, 139, 6),
(7, 140, 7),
(7, 141, 8),
(7, 142, 9),
(7, 143, 10),
(7, 144, 11),
(7, 145, 12),
(7, 146, 13),
(7, 147, 14),
(7, 148, 15),
(7, 149, 16),
(7, 150, 17),
(7, 175, 18),
(7, 176, 19),
(7, 177, 20),
(7, 178, 21),
(7, 179, 22),
(7, 180, 23),
(7, 181, 24),
(7, 182, 25),
(7, 183, 26),
(7, 184, 27),
(7, 185, 28),
(7, 186, 29),
(7, 187, 30),
(7, 188, 31),
(7, 189, 32),
(7, 190, 33),
(7, 191, 34),
(7, 192, 35),
(7, 193, 36),
(7, 194, 37),
(7, 195, 38),
(7, 196, 39),
(7, 197, 40),
(7, 198, 41),
(7, 199, 42),
(7, 200, 43),
(7, 201, 44),
(7, 202, 45),
(7, 203, 46),
(7, 204, 47),
(7, 205, 48),
(7, 206, 49),
(7, 207, 50),
(7, 208, 51),
(7, 209, 52),
(7, 210, 53),
(8, 2, -1),
(8, 7, 30),
(8, 211, 1),
(8, 212, 2),
(8, 213, 3),
(8, 214, 4),
(8, 215, 5),
(8, 216, 6),
(8, 217, 7),
(8, 218, 8),
(8, 219, 9),
(8, 220, 10),
(8, 221, 11),
(8, 222, 12),
(8, 223, 13),
(8, 224, 14),
(8, 225, 15),
(8, 226, 16),
(8, 227, 17),
(8, 228, 18),
(8, 229, 19),
(8, 230, 20),
(8, 231, 21),
(8, 232, 22),
(8, 233, 23),
(8, 234, 24),
(8, 235, 25),
(8, 236, 26),
(8, 237, 27),
(8, 238, 28),
(8, 239, 29),
(9, 2, -1),
(9, 7, 64),
(9, 211, 1),
(9, 212, 2),
(9, 213, 3),
(9, 214, 4),
(9, 215, 5),
(9, 216, 6),
(9, 217, 7),
(9, 218, 8),
(9, 219, 9),
(9, 220, 10),
(9, 221, 11),
(9, 222, 12),
(9, 223, 13),
(9, 224, 14),
(9, 225, 15),
(9, 226, 16),
(9, 227, 17),
(9, 228, 18),
(9, 229, 19),
(9, 230, 20),
(9, 231, 21),
(9, 232, 22),
(9, 233, 23),
(9, 234, 234),
(9, 240, 25),
(9, 241, 26),
(9, 242, 27),
(9, 243, 28),
(9, 244, 29),
(9, 245, 30),
(9, 246, 31),
(9, 247, 32),
(9, 248, 33),
(9, 249, 34),
(9, 250, 35),
(9, 251, 36),
(9, 252, 37),
(9, 253, 38),
(9, 254, 39),
(9, 255, 40),
(9, 256, 41),
(9, 257, 42),
(9, 258, 43),
(9, 259, 44),
(9, 260, 45),
(9, 261, 46),
(9, 262, 47),
(9, 263, 48),
(9, 264, 49),
(9, 265, 50),
(9, 266, 51),
(9, 267, 52),
(9, 268, 53),
(9, 269, 54),
(9, 270, 55),
(9, 271, 56),
(9, 272, 57),
(9, 273, 58),
(9, 274, 59),
(9, 275, 60),
(9, 276, 61),
(9, 277, 62),
(9, 278, 63),
(10, 2, -1),
(10, 10, 54),
(10, 279, 1),
(10, 280, 2),
(10, 281, 3),
(10, 282, 4),
(10, 283, 5),
(10, 284, 6),
(10, 285, 7),
(10, 286, 8),
(10, 287, 9),
(10, 288, 10),
(10, 289, 11),
(10, 290, 12),
(10, 291, 13),
(10, 292, 14),
(10, 293, 15),
(10, 294, 16),
(10, 295, 17),
(10, 296, 18),
(10, 297, 19),
(10, 298, 20),
(10, 299, 21),
(10, 300, 22),
(10, 301, 23),
(10, 302, 24),
(10, 303, 25),
(10, 304, 26),
(10, 305, 27),
(10, 306, 28),
(10, 307, 29),
(10, 308, 30),
(10, 309, 31),
(10, 310, 32),
(10, 311, 33),
(10, 312, 34),
(10, 313, 35),
(10, 314, 36),
(10, 315, 37),
(10, 316, 38),
(10, 317, 39),
(10, 318, 40),
(10, 319, 41),
(10, 320, 42),
(10, 321, 43),
(10, 322, 44),
(10, 323, 45),
(10, 324, 46),
(10, 325, 47),
(10, 326, 48),
(10, 327, 49),
(10, 328, 50),
(10, 329, 51),
(10, 330, 52),
(10, 331, 53),
(11, 2, -1),
(11, 10, 72),
(11, 332, 1),
(11, 333, 2),
(11, 334, 3),
(11, 335, 4),
(11, 336, 5),
(11, 337, 6),
(11, 338, 7),
(11, 339, 8),
(11, 340, 9),
(11, 341, 10),
(11, 342, 11),
(11, 343, 12),
(11, 344, 13),
(11, 345, 14),
(11, 346, 15),
(11, 347, 16),
(11, 348, 17),
(11, 349, 18),
(11, 350, 19),
(11, 351, 20),
(11, 352, 21),
(11, 353, 22),
(11, 354, 23),
(11, 355, 24),
(11, 356, 25),
(11, 357, 26),
(11, 358, 27),
(11, 359, 28),
(11, 360, 29),
(11, 361, 30),
(11, 362, 31),
(11, 363, 32),
(11, 364, 33),
(11, 365, 34),
(11, 366, 35),
(11, 367, 36),
(11, 368, 37),
(11, 369, 38),
(11, 370, 39),
(11, 371, 40),
(11, 372, 41),
(11, 373, 42),
(11, 374, 43),
(11, 375, 44),
(11, 376, 45),
(11, 377, 46),
(11, 378, 47),
(11, 379, 48),
(11, 380, 49),
(11, 381, 50),
(11, 382, 51),
(11, 383, 52),
(11, 384, 53),
(11, 385, 54),
(11, 386, 55),
(11, 387, 56),
(11, 388, 57),
(11, 389, 58),
(11, 390, 59),
(11, 391, 60),
(11, 392, 61),
(11, 393, 62),
(11, 394, 63),
(11, 395, 64),
(11, 396, 65),
(11, 397, 66),
(11, 398, 67),
(11, 399, 68),
(11, 400, 69),
(11, 401, 70),
(11, 402, 71),
(12, 2, -1),
(12, 10, 56),
(12, 403, 1),
(12, 404, 2),
(12, 405, 3),
(12, 406, 4),
(12, 407, 5),
(12, 408, 6),
(12, 409, 7),
(12, 410, 8),
(12, 411, 9),
(12, 412, 10),
(12, 413, 11),
(12, 414, 12),
(12, 415, 13),
(12, 416, 14),
(12, 417, 15),
(12, 418, 16),
(12, 419, 17),
(12, 420, 18),
(12, 421, 19),
(12, 422, 20),
(12, 423, 21),
(12, 424, 22),
(12, 425, 23),
(12, 426, 24),
(12, 427, 25),
(12, 428, 26),
(12, 429, 27),
(12, 430, 28),
(12, 431, 29),
(12, 432, 30),
(12, 433, 31),
(12, 434, 32),
(12, 435, 33),
(12, 436, 34),
(12, 437, 35),
(12, 438, 36),
(12, 439, 37),
(12, 440, 38),
(12, 441, 39),
(12, 442, 40),
(12, 443, 41),
(12, 444, 42),
(12, 445, 43),
(12, 446, 44),
(12, 447, 45),
(12, 448, 46),
(12, 449, 47),
(12, 450, 48),
(12, 451, 49),
(12, 452, 50),
(12, 453, 51),
(12, 454, 52),
(12, 455, 53),
(12, 456, 54),
(12, 457, 55),
(13, 3, -1),
(13, 11, 40),
(13, 458, 1),
(13, 459, 2),
(13, 460, 3),
(13, 461, 4),
(13, 462, 5),
(13, 463, 6),
(13, 464, 7),
(13, 465, 8),
(13, 466, 9),
(13, 467, 10),
(13, 468, 11),
(13, 469, 12),
(13, 470, 13),
(13, 471, 14),
(13, 472, 15),
(13, 473, 16),
(13, 474, 17),
(13, 475, 18),
(13, 476, 19),
(13, 477, 20),
(13, 478, 21),
(13, 479, 22),
(13, 480, 23),
(13, 481, 24),
(13, 482, 25),
(13, 483, 26),
(13, 484, 27),
(13, 485, 28),
(13, 486, 29),
(13, 487, 30),
(13, 488, 31),
(13, 489, 32),
(13, 490, 33),
(13, 491, 34),
(13, 492, 35),
(13, 493, 36),
(13, 494, 37),
(13, 495, 38),
(13, 496, 39),
(14, 3, -1),
(14, 11, 43),
(14, 458, 1),
(14, 459, 2),
(14, 460, 3),
(14, 461, 4),
(14, 462, 5),
(14, 463, 6),
(14, 464, 7),
(14, 465, 8),
(14, 466, 9),
(14, 467, 10),
(14, 468, 11),
(14, 469, 12),
(14, 470, 13),
(14, 471, 14),
(14, 472, 15),
(14, 497, 16),
(14, 498, 17),
(14, 499, 18),
(14, 500, 19),
(14, 501, 20),
(14, 502, 21),
(14, 503, 22),
(14, 504, 23),
(14, 505, 24),
(14, 506, 25),
(14, 507, 26),
(14, 508, 27),
(14, 509, 28),
(14, 510, 29),
(14, 511, 30),
(14, 512, 31),
(14, 513, 32),
(14, 514, 33),
(14, 515, 34),
(14, 516, 35),
(14, 517, 36),
(14, 518, 37),
(14, 519, 38),
(14, 520, 39),
(14, 521, 40),
(14, 522, 41),
(14, 523, 42),
(15, 3, -1),
(15, 12, 25),
(15, 524, 1),
(15, 525, 2),
(15, 526, 3),
(15, 527, 4),
(15, 528, 5),
(15, 529, 6),
(15, 530, 7),
(15, 531, 8),
(15, 532, 9),
(15, 533, 10),
(15, 534, 11),
(15, 535, 12),
(15, 536, 13),
(15, 537, 14),
(15, 538, 15),
(15, 539, 16),
(15, 540, 17),
(15, 541, 18),
(15, 542, 19),
(15, 543, 20),
(15, 544, 21),
(15, 545, 22),
(15, 546, 23),
(15, 547, 24),
(16, 3, -1),
(16, 12, 42),
(16, 524, 1),
(16, 525, 2),
(16, 548, 3),
(16, 549, 4),
(16, 550, 5),
(16, 551, 6),
(16, 552, 7),
(16, 553, 8),
(16, 554, 9),
(16, 555, 10),
(16, 556, 11),
(16, 557, 12),
(16, 558, 13),
(16, 559, 14),
(16, 560, 15),
(16, 561, 16),
(16, 562, 17),
(16, 563, 18),
(16, 564, 19),
(16, 565, 20),
(16, 566, 21),
(16, 567, 22),
(16, 568, 23),
(16, 569, 24),
(16, 570, 25),
(16, 571, 26),
(16, 572, 27),
(16, 573, 28),
(16, 574, 29),
(16, 575, 30),
(16, 576, 31),
(16, 577, 32),
(16, 578, 33),
(16, 579, 34),
(16, 580, 35),
(16, 581, 36),
(16, 582, 37),
(16, 583, 38),
(16, 584, 39),
(16, 585, 40),
(16, 586, 41),
(17, 4, -1),
(17, 13, 32),
(17, 587, 1),
(17, 588, 2),
(17, 589, 3),
(17, 590, 4),
(17, 591, 5),
(17, 592, 6),
(17, 593, 7),
(17, 594, 8),
(17, 595, 9),
(17, 596, 10),
(17, 597, 11),
(17, 598, 12),
(17, 599, 13),
(17, 600, 14),
(17, 601, 15),
(17, 602, 16),
(17, 603, 17),
(17, 604, 18),
(17, 605, 19),
(17, 606, 20),
(17, 607, 21),
(17, 608, 22),
(17, 609, 23),
(17, 610, 24),
(17, 611, 25),
(17, 612, 26),
(17, 613, 27),
(17, 614, 28),
(17, 615, 29),
(17, 616, 30),
(17, 617, 31),
(18, 4, -1),
(18, 13, 33),
(18, 587, 1),
(18, 588, 2),
(18, 589, 3),
(18, 590, 4),
(18, 591, 5),
(18, 592, 6),
(18, 593, 7),
(18, 594, 8),
(18, 595, 9),
(18, 596, 10),
(18, 597, 11),
(18, 598, 12),
(18, 599, 13),
(18, 600, 14),
(18, 618, 15),
(18, 619, 16),
(18, 620, 17),
(18, 621, 18),
(18, 622, 19),
(18, 623, 20),
(18, 624, 21),
(18, 625, 22),
(18, 626, 23),
(18, 627, 24),
(18, 628, 25),
(18, 629, 26),
(18, 630, 27),
(18, 631, 28),
(18, 632, 29),
(18, 633, 30),
(18, 634, 31),
(18, 635, 32),
(19, 4, -1),
(19, 14, 21),
(19, 636, 1),
(19, 637, 2),
(19, 638, 3),
(19, 639, 4),
(19, 640, 5),
(19, 641, 6),
(19, 642, 7),
(19, 643, 8),
(19, 644, 9),
(19, 645, 10),
(19, 646, 11),
(19, 647, 12),
(19, 648, 13),
(19, 649, 14),
(19, 650, 15),
(19, 651, 16),
(19, 652, 17),
(19, 653, 18),
(19, 654, 19),
(19, 655, 20),
(20, 4, -1),
(20, 14, 35),
(20, 636, 1),
(20, 637, 2),
(20, 638, 3),
(20, 639, 4),
(20, 640, 5),
(20, 641, 6),
(20, 642, 7),
(20, 643, 8),
(20, 644, 9),
(20, 645, 10),
(20, 646, 11),
(20, 647, 12),
(20, 648, 13),
(20, 649, 14),
(20, 650, 15),
(20, 651, 16),
(20, 652, 17),
(20, 656, 18),
(20, 657, 19),
(20, 658, 20),
(20, 659, 21),
(20, 660, 22),
(20, 661, 23),
(20, 662, 24),
(20, 663, 25),
(20, 664, 26),
(20, 665, 27),
(20, 666, 28),
(20, 667, 29),
(20, 668, 30),
(20, 669, 31),
(20, 670, 32),
(20, 671, 33),
(20, 672, 34),
(21, 4, -1),
(21, 14, 22),
(21, 636, 1),
(21, 637, 2),
(21, 638, 3),
(21, 639, 4),
(21, 640, 5),
(21, 641, 6),
(21, 642, 7),
(21, 643, 8),
(21, 644, 9),
(21, 645, 10),
(21, 646, 11),
(21, 647, 12),
(21, 648, 13),
(21, 673, 14),
(21, 674, 15),
(21, 675, 16),
(21, 676, 17),
(21, 677, 18),
(21, 678, 19),
(21, 679, 20),
(21, 680, 21),
(22, 5, -1),
(22, 14, 53),
(22, 681, 1),
(22, 682, 2),
(22, 683, 3),
(22, 684, 4),
(22, 685, 5),
(22, 686, 6),
(22, 687, 7),
(22, 688, 8),
(22, 689, 9),
(22, 690, 10),
(22, 691, 11),
(22, 692, 12),
(22, 693, 13),
(22, 694, 14),
(22, 695, 15),
(22, 696, 16),
(22, 697, 17),
(22, 698, 18),
(22, 699, 19),
(22, 700, 20),
(22, 701, 21),
(22, 702, 22),
(22, 703, 23),
(22, 704, 24),
(22, 705, 25),
(22, 706, 26),
(22, 707, 27),
(22, 708, 28),
(22, 709, 29),
(22, 710, 30),
(22, 711, 31),
(22, 712, 32),
(22, 713, 33),
(22, 714, 34),
(22, 715, 35),
(22, 716, 36),
(22, 717, 37),
(22, 718, 38),
(22, 719, 39),
(22, 720, 40),
(22, 721, 41),
(22, 722, 42),
(22, 723, 43),
(22, 724, 44),
(22, 725, 45),
(22, 726, 46),
(22, 727, 47),
(22, 728, 48),
(22, 729, 49),
(22, 730, 50),
(22, 731, 51),
(22, 732, 52),
(23, 5, -1),
(23, 14, 73),
(23, 681, 1),
(23, 682, 2),
(23, 683, 3),
(23, 684, 4),
(23, 685, 5),
(23, 686, 6),
(23, 687, 7),
(23, 688, 8),
(23, 689, 9),
(23, 690, 10),
(23, 691, 11),
(23, 692, 12),
(23, 693, 13),
(23, 694, 14),
(23, 695, 15),
(23, 696, 16),
(23, 697, 17),
(23, 733, 18),
(23, 734, 19),
(23, 735, 20),
(23, 736, 21),
(23, 737, 22),
(23, 738, 23),
(23, 739, 24),
(23, 740, 25),
(23, 741, 26),
(23, 742, 27),
(23, 743, 28),
(23, 744, 29),
(23, 745, 30),
(23, 746, 31),
(23, 747, 32),
(23, 748, 33),
(23, 749, 34),
(23, 750, 35),
(23, 751, 36),
(23, 752, 37),
(23, 753, 38),
(23, 754, 39),
(23, 755, 40),
(23, 756, 41),
(23, 757, 42),
(23, 758, 43),
(23, 759, 44),
(23, 760, 45),
(23, 761, 46),
(23, 762, 47),
(23, 763, 48),
(23, 764, 49),
(23, 765, 50),
(23, 766, 51),
(23, 767, 52),
(23, 768, 53),
(23, 769, 54),
(23, 770, 55),
(23, 771, 56),
(23, 772, 57),
(23, 773, 58),
(23, 774, 59),
(23, 775, 60),
(23, 776, 61),
(23, 777, 62),
(23, 778, 63),
(23, 779, 64),
(23, 780, 65),
(23, 781, 66),
(23, 782, 67),
(23, 783, 68),
(23, 784, 69),
(23, 785, 70),
(23, 786, 71),
(23, 787, 72),
(24, 5, -1),
(24, 15, 73),
(24, 788, 1),
(24, 789, 2),
(24, 790, 3),
(24, 791, 4),
(24, 792, 5),
(24, 793, 6),
(24, 794, 7),
(24, 795, 8),
(24, 796, 9),
(24, 797, 10),
(24, 798, 11),
(24, 799, 12),
(24, 800, 13),
(24, 801, 14),
(24, 802, 15),
(24, 803, 16),
(24, 804, 17),
(24, 805, 18),
(24, 806, 19),
(24, 807, 20),
(24, 808, 21),
(24, 809, 22),
(24, 810, 23),
(24, 811, 24),
(24, 812, 25),
(24, 813, 26),
(24, 814, 27),
(24, 815, 28),
(24, 816, 29),
(24, 817, 30),
(24, 818, 31),
(24, 819, 32),
(24, 820, 33),
(24, 821, 34),
(24, 822, 35),
(24, 823, 36),
(24, 824, 37),
(24, 825, 38),
(24, 826, 39),
(24, 827, 40),
(24, 828, 41),
(24, 829, 42),
(24, 830, 43),
(24, 831, 44),
(24, 832, 45),
(24, 833, 46),
(24, 834, 47),
(24, 835, 48),
(24, 836, 49),
(24, 837, 50),
(24, 838, 51),
(24, 839, 52),
(24, 840, 53),
(24, 841, 54),
(24, 842, 55),
(24, 843, 56),
(24, 844, 57),
(24, 845, 58),
(24, 846, 59),
(24, 847, 60),
(24, 848, 61),
(24, 849, 62),
(24, 850, 63),
(24, 851, 64),
(24, 852, 65),
(24, 853, 66),
(24, 854, 67),
(24, 855, 68),
(24, 856, 69),
(24, 857, 70),
(24, 858, 71),
(24, 859, 72),
(25, 5, -1),
(25, 15, 61),
(25, 788, 1),
(25, 789, 2),
(25, 790, 3),
(25, 791, 4),
(25, 792, 5),
(25, 793, 6),
(25, 794, 7),
(25, 795, 8),
(25, 796, 9),
(25, 797, 10),
(25, 798, 11),
(25, 799, 12),
(25, 800, 13),
(25, 801, 14),
(25, 802, 15),
(25, 803, 16),
(25, 804, 17),
(25, 805, 18),
(25, 806, 19),
(25, 807, 20),
(25, 808, 21),
(25, 809, 22),
(25, 810, 23),
(25, 811, 24),
(25, 812, 25),
(25, 813, 26),
(25, 814, 27),
(25, 815, 28),
(25, 816, 29),
(25, 817, 30),
(25, 818, 31),
(25, 819, 32),
(25, 820, 33),
(25, 821, 34),
(25, 822, 35),
(25, 823, 36),
(25, 824, 37),
(25, 825, 38),
(25, 826, 39),
(25, 827, 40),
(25, 831, 61),
(25, 832, 62),
(25, 833, 63),
(25, 834, 64),
(25, 835, 65),
(25, 836, 66),
(25, 837, 67),
(25, 838, 68),
(25, 839, 69),
(25, 840, 70),
(25, 841, 71),
(25, 842, 72),
(25, 843, 73),
(25, 844, 74),
(25, 845, 75),
(25, 846, 76),
(25, 847, 77),
(25, 848, 78),
(25, 849, 79),
(25, 850, 80),
(25, 851, 81),
(25, 852, 82),
(25, 853, 83),
(25, 854, 84),
(25, 855, 85),
(25, 856, 86),
(25, 857, 87),
(25, 858, 88),
(25, 859, 89),
(25, 860, 41),
(25, 861, 42),
(25, 862, 43),
(25, 863, 44),
(25, 864, 45),
(25, 865, 46),
(25, 866, 47),
(25, 867, 48),
(25, 868, 49),
(25, 869, 50),
(25, 870, 51),
(25, 871, 52),
(25, 872, 53),
(25, 873, 54),
(25, 874, 55),
(25, 875, 56),
(25, 876, 57),
(25, 877, 58),
(25, 878, 59),
(25, 879, 60);

-- --------------------------------------------------------

--
-- Table structure for table `event`
--

CREATE TABLE `event` (
  `ide` int(11) NOT NULL,
  `name` varchar(100) COLLATE utf8_unicode_ci NOT NULL,
  `time_start` time NOT NULL,
  `time_finish` time NOT NULL,
  `amount_time_delay` int(11) NOT NULL,
  `description` varchar(100) COLLATE utf8_unicode_ci DEFAULT NULL
) ENGINE=InnoDB DEFAULT CHARSET=utf8 COLLATE=utf8_unicode_ci;

--
-- Dumping data for table `event`
--

INSERT INTO `event` (`ide`, `name`, `time_start`, `time_finish`, `amount_time_delay`, `description`) VALUES
(1, 'Kẹt xe', '15:00:00', '23:30:00', 3, NULL),
(2, 'Công trình đang thi công', '00:00:00', '23:59:59', 43200, NULL),
(3, 'Kẹt xe', '08:00:00', '08:30:00', 10, NULL),
(4, 'Kẹt xe', '11:00:00', '12:00:00', 10, NULL),
(5, 'Kẹt xe', '08:00:00', '08:30:00', 7, NULL),
(6, 'Kẹt xe', '08:00:00', '08:30:00', 15, NULL),
(7, 'Kẹt xe', '08:00:00', '08:30:00', 8, NULL),
(8, 'Kẹt xe', '08:00:00', '08:30:00', 9, NULL),
(9, 'Kẹt xe', '08:00:00', '09:00:00', 30, NULL),
(10, 'Kẹt xe', '08:30:00', '09:30:00', 14, NULL),
(11, 'Kẹt', '11:30:00', '23:30:00', 30, NULL),
(12, 'Kẹt xe', '11:30:00', '23:30:00', 60, NULL),
(13, 'Kẹt xe', '08:00:00', '23:30:00', 7, NULL),
(14, 'Công trình đang thi công', '08:00:00', '22:00:00', 1200, NULL),
(15, 'Kẹt xe', '08:00:00', '23:30:00', 0, NULL);

-- --------------------------------------------------------

--
-- Table structure for table `event_arc`
--

CREATE TABLE `event_arc` (
  `ida` int(11) NOT NULL,
  `ide` int(11) NOT NULL
) ENGINE=InnoDB DEFAULT CHARSET=utf8 COLLATE=utf8_unicode_ci;

--
-- Dumping data for table `event_arc`
--

INSERT INTO `event_arc` (`ida`, `ide`) VALUES
(1, 1),
(3, 2),
(6, 3),
(8, 4),
(10, 5),
(13, 6),
(15, 7),
(17, 8),
(19, 9),
(22, 10),
(24, 11);

-- --------------------------------------------------------

--
-- Table structure for table `event_point`
--

CREATE TABLE `event_point` (
  `ide` int(11) NOT NULL,
  `idp` int(11) NOT NULL
) ENGINE=InnoDB DEFAULT CHARSET=utf8 COLLATE=utf8_unicode_ci;

--
-- Dumping data for table `event_point`
--

INSERT INTO `event_point` (`ide`, `idp`) VALUES
(1, 67),
(1, 68),
(2, 151),
(2, 152),
(3, 235),
(3, 236),
(4, 281),
(4, 282),
(5, 490),
(5, 491),
(6, 530),
(6, 531),
(7, 607),
(7, 608),
(8, 653),
(8, 654),
(9, 699),
(9, 700),
(10, 828),
(10, 829),
(10, 830),
(11, 886),
(11, 887),
(12, 888),
(12, 889),
(12, 890),
(13, 880),
(13, 881),
(14, 882),
(14, 883),
(15, 884),
(15, 885);

-- --------------------------------------------------------

--
-- Table structure for table `hospital`
--

CREATE TABLE `hospital` (
  `idn` int(11) NOT NULL,
  `name` varchar(100) COLLATE utf8_unicode_ci NOT NULL,
  `address` varchar(100) COLLATE utf8_unicode_ci DEFAULT NULL,
  `description` varchar(200) COLLATE utf8_unicode_ci DEFAULT NULL
) ENGINE=InnoDB DEFAULT CHARSET=utf8 COLLATE=utf8_unicode_ci;

--
-- Dumping data for table `hospital`
--

INSERT INTO `hospital` (`idn`, `name`, `address`, `description`) VALUES
(1, 'Bệnh viện', '64 Lê Văn Chí, Phường Linh Trung, Thủ Đức, Thành phố Hồ Chí Minh, Việt Nam', 'Bệnh viện đa khoa Thủ Đức'),
(2, 'Bệnh viện', 'Số 29 Phú Châu, Tam Phú, Thủ Đức, Thành phố Hồ Chí Minh, Việt Nam', 'Bệnh viện quận thủ Đức'),
(3, 'Phòng khám', '18 Dương Văn Cam, Khu Phố 4, Thủ Đức, Thành phố Hồ Chí Minh, Việt Nam', 'Phòng khám đa khoa Linh Tây'),
(4, 'Bệnh viện', 'Đường số 6, Linh Xuân, Thủ Đức, Thành phố Hồ Chí Minh, Việt Nam', 'Bệnh viện Linh Xuân'),
(5, 'Phòng khám', '80/8, Bình Chiểu, Quận Thủ Đức, Thành Phố Hồ Chí Minh, Bình Chiểu, Thủ Đức, Thành phố Hồ Chí Minh, V', 'Phòng khám đa khoa Bình Chiểu');

-- --------------------------------------------------------

--
-- Table structure for table `house`
--

CREATE TABLE `house` (
  `idn` int(11) NOT NULL,
  `name` varchar(100) COLLATE utf8_unicode_ci NOT NULL,
  `address` varchar(100) COLLATE utf8_unicode_ci NOT NULL,
  `description` varchar(100) COLLATE utf8_unicode_ci DEFAULT NULL
) ENGINE=InnoDB DEFAULT CHARSET=utf8 COLLATE=utf8_unicode_ci;

--
-- Dumping data for table `house`
--

INSERT INTO `house` (`idn`, `name`, `address`, `description`) VALUES
(6, 'Tiệm cắt tóc', '89 Lê Văn Chí, Phường Linh Trung, Thủ Đức, Thành phố Hồ Chí Minh, Việt Nam', 'Minh Hào Baber Shop'),
(7, 'Trung tâm', '1 Đường Số 7, Bình Chiểu, Thủ Đức, Thành phố Hồ Chí Minh, Việt Nam', 'Trung tâm khiếm thị Nhật Hồng'),
(8, 'Trường học', '177 Linh Trung, Phường Linh Trung, Thủ Đức, Thành phố Hồ Chí Minh, Việt Nam', 'Trường mầm non Linh Trung'),
(9, 'Nhà thờ', '19 Đường số 5, Phường Linh Trung, Thủ Đức, Thành phố Hồ Chí Minh, Việt Nam', 'Nhà thờ Hiển Linh'),
(10, 'Chung cư', '1 Đường Trần Thị Vững, An Bình, Thủ Đức, Thành phố Hồ Chí Minh, Việt Nam', 'Chung cư Him Lam Đông Phú'),
(11, 'Quán', '78 Chương Dương, Linh Chiểu, Thủ Đức, Thành phố Hồ Chí Minh, Việt Nam', 'Trà sữa Family'),
(12, 'Chung cư', '104 Đ. Hồ Văn Tư, Khu Phố 2, Thủ Đức, Thành phố Hồ Chí Minh, Việt Nam', 'Chung cư Lan Phương MHBR Tower'),
(13, 'Công ty', '274 Quốc lộ 1K, Linh Xuân, Thủ Đức, Thành phố Hồ Chí Minh, Việt Nam', 'Công ty cổ phần giấy Vinh Huê'),
(14, 'Cư xá', '61C1 Bà Giang, Linh Xuân, Thủ Đức, Thành phố Hồ Chí Minh, Việt Nam', 'Cư xá Xi măng Hà Tiên'),
(15, 'Chung cư', '43 Đường Cây Keo, Tam Phú, Thủ Đức, Thành phố Hồ Chí Minh 700000, Việt Nam', 'Chung cư Đạt Gia');

-- --------------------------------------------------------

--
-- Table structure for table `node`
--

CREATE TABLE `node` (
  `idn` int(11) NOT NULL,
  `idp` int(11) NOT NULL
) ENGINE=InnoDB DEFAULT CHARSET=utf8 COLLATE=utf8_unicode_ci;

--
-- Dumping data for table `node`
--

INSERT INTO `node` (`idn`, `idp`) VALUES
(1, 1),
(2, 2),
(3, 3),
(4, 4),
(5, 5),
(6, 6),
(7, 7),
(8, 8),
(9, 9),
(10, 10),
(11, 11),
(12, 12),
(13, 13),
(14, 14),
(15, 15);

-- --------------------------------------------------------

--
-- Table structure for table `point`
--

CREATE TABLE `point` (
  `idp` int(11) NOT NULL,
  `x` decimal(17,14) NOT NULL COMMENT 'longitude',
  `y` decimal(17,15) NOT NULL COMMENT 'latitude'
) ENGINE=InnoDB DEFAULT CHARSET=utf8 COLLATE=utf8_unicode_ci;

--
-- Dumping data for table `point`
--

INSERT INTO `point` (`idp`, `x`, `y`) VALUES
(1, '106.77983424640927', '10.861652169626261'),
(2, '106.74567105173665', '10.864343947421016'),
(3, '106.75302213518215', '10.850012072137991'),
(4, '106.76623644861920', '10.878324544100083'),
(5, '106.73329563295210', '10.878510710840980'),
(6, '106.77548550660535', '10.856673853344079'),
(7, '106.74076566862811', '10.867811419627252'),
(8, '106.78331459126437', '10.859391305021616'),
(9, '106.76339415143163', '10.861450985605252'),
(10, '106.75477569630317', '10.867484125709185'),
(11, '106.75794807025852', '10.854959962303576'),
(12, '106.75428148723356', '10.847336162629280'),
(13, '106.77451370437679', '10.886253575198840'),
(14, '106.76521820862827', '10.881619585067666'),
(15, '106.73815287025536', '10.861429665918573'),
(16, '106.77943073371372', '10.861617975862680'),
(17, '106.77926298134453', '10.861310911647300'),
(18, '106.77904202221049', '10.860885640252299'),
(19, '106.77862419522570', '10.860200393575780'),
(20, '106.77838436596605', '10.859827527458316'),
(21, '106.77786256341365', '10.858913850918183'),
(22, '106.77778774259387', '10.858854217202826'),
(23, '106.77775488553613', '10.858823924108153'),
(24, '106.77770258246461', '10.858762679363887'),
(25, '106.77749135851279', '10.858422869582510'),
(26, '106.77746855972885', '10.858377429869858'),
(27, '106.77728057102982', '10.858011412047802'),
(28, '106.77715249554934', '10.857729553639498'),
(29, '106.77684655396394', '10.857199395451065'),
(30, '106.77671579627636', '10.857047929102720'),
(31, '106.77658806843334', '10.856957232566193'),
(32, '106.77605643121984', '10.856631020353370'),
(33, '106.77895287597852', '10.861479606458530'),
(34, '106.77858966157793', '10.861639528696738'),
(35, '106.77856418058673', '10.861587504080743'),
(36, '106.77845957443817', '10.861331332112510'),
(37, '106.77843141124583', '10.861218721744297'),
(38, '106.77842001185395', '10.861116647977354'),
(39, '106.77842537627153', '10.861007988772746'),
(40, '106.77846091554112', '10.860845987699749'),
(41, '106.77846560940645', '10.860794621486640'),
(42, '106.77845555112346', '10.860697815910969'),
(43, '106.77842939958370', '10.860635913005082'),
(44, '106.77835630939000', '10.860434399212256'),
(45, '106.77834491000262', '10.860396203772732'),
(46, '106.77833954558504', '10.860362618123593'),
(47, '106.77834222779384', '10.860338910604280'),
(48, '106.77835027442023', '10.860317837252197'),
(49, '106.77836636767465', '10.860300715150647'),
(50, '106.77838111982302', '10.860288861388778'),
(51, '106.77861050797370', '10.860173097624475'),
(52, '106.77838436596605', '10.859827527458316'),
(53, '106.77786256341365', '10.858913850918183'),
(54, '106.77778774259387', '10.858854217202826'),
(55, '106.77775488553613', '10.858823924108153'),
(56, '106.77770258246461', '10.858762679363887'),
(57, '106.77749135851279', '10.858422869582510'),
(58, '106.77746855972885', '10.858377429869858'),
(59, '106.77728057102982', '10.858011412047802'),
(60, '106.77715249554934', '10.857729553639498'),
(61, '106.77684655396394', '10.857199395451065'),
(62, '106.77671579627636', '10.857047929102720'),
(63, '106.77658806843334', '10.856957232566193'),
(64, '106.77605643121984', '10.856631020353370'),
(65, '106.77943000000000', '10.861618000000000'),
(66, '106.77904200000000', '10.860887000000000'),
(67, '106.77877100000000', '10.860446000000000'),
(68, '106.77863268940932', '10.860216844287859'),
(69, '106.77860900000000', '10.860170000000000'),
(70, '106.77839000000000', '10.859831000000000'),
(71, '106.77786400000000', '10.858912000000000'),
(72, '106.77806800000000', '10.858847000000000'),
(73, '106.77819400000000', '10.858788000000000'),
(74, '106.77830100000000', '10.858772000000000'),
(75, '106.77836000000000', '10.858768000000000'),
(76, '106.77845200000000', '10.858779000000000'),
(77, '106.77853200000000', '10.858818000000000'),
(78, '106.77865700000000', '10.858919000000000'),
(79, '106.77908400000000', '10.859193000000000'),
(80, '106.77964600000000', '10.859487000000000'),
(81, '106.77996300000000', '10.859623000000000'),
(82, '106.78013100000000', '10.859666000000000'),
(83, '106.78063500000000', '10.859730000000000'),
(84, '106.78102300000000', '10.859734000000000'),
(85, '106.78119700000000', '10.859697000000000'),
(86, '106.78178400000000', '10.859527000000000'),
(87, '106.78195500000000', '10.859467000000000'),
(88, '106.78206000000000', '10.859400000000000'),
(89, '106.78233200000000', '10.859138000000000'),
(90, '106.78273200000000', '10.858651000000000'),
(91, '106.78272800000000', '10.858991000000000'),
(92, '106.78333100000000', '10.859357000000000'),
(93, '106.77943000000000', '10.861618000000000'),
(94, '106.77904300000000', '10.860890000000000'),
(95, '106.77995300000000', '10.860971000000000'),
(96, '106.78055515568240', '10.861034720352968'),
(97, '106.78148100000000', '10.861077000000000'),
(98, '106.78308200000000', '10.861110000000000'),
(99, '106.78420249253658', '10.861146838781620'),
(100, '106.78456470709870', '10.861257789793514'),
(101, '106.78518813712981', '10.861682926703683'),
(102, '106.78606614504082', '10.859818227877662'),
(103, '106.78607213614718', '10.859764795056250'),
(104, '106.78603843490802', '10.859476159438689'),
(105, '106.78585197981131', '10.859780044029836'),
(106, '106.78572334166992', '10.859961779627778'),
(107, '106.78563161839453', '10.860151323041290'),
(108, '106.78551197091625', '10.860282049474375'),
(109, '106.78513780276808', '10.860347903703440'),
(110, '106.78493947408785', '10.860309571532598'),
(111, '106.78470343971269', '10.860063276610468'),
(112, '106.78459936417741', '10.860061048777240'),
(113, '106.78412211819564', '10.859759129096960'),
(114, '106.78399068995552', '10.859726201919317'),
(115, '106.78333143757581', '10.859357672621226'),
(116, '106.77943000000000', '10.861618000000000'),
(117, '106.77904300000000', '10.860890000000000'),
(118, '106.77995300000000', '10.860971000000000'),
(119, '106.78055515568240', '10.861034720352968'),
(120, '106.78148100000000', '10.861077000000000'),
(121, '106.78308200000000', '10.861110000000000'),
(122, '106.78401293091623', '10.861136723867912'),
(123, '106.78403304748220', '10.860998430337206'),
(124, '106.78402936248493', '10.860936106310776'),
(125, '106.78426137356068', '10.860869593669563'),
(126, '106.78475125734714', '10.860542830023850'),
(127, '106.78493901198250', '10.860308389053305'),
(128, '106.78470431870919', '10.860062094129688'),
(129, '106.78459461257230', '10.860010692186863'),
(130, '106.78439612910631', '10.859882276281736'),
(131, '106.78412321434067', '10.859758470126701'),
(132, '106.78399245666189', '10.859728835667314'),
(133, '106.78333196270120', '10.859356758310339'),
(134, '106.77942962445384', '10.861617875618300'),
(135, '106.77903961482282', '10.860888296303374'),
(136, '106.77861540332664', '10.860179109724589'),
(137, '106.77839895074112', '10.859846182695959'),
(138, '106.77786299530382', '10.858915106389970'),
(139, '106.77747005167490', '10.859111352851684'),
(140, '106.77683582807185', '10.859394467383307'),
(141, '106.77618767182820', '10.859652098128468'),
(142, '106.77588257055679', '10.859769318893292'),
(143, '106.77528653494274', '10.860000268324836'),
(144, '106.77497213754510', '10.860146191984594'),
(145, '106.77415620356926', '10.860438144858083'),
(146, '106.77360035618990', '10.860523904722461'),
(147, '106.77342534205371', '10.860561441604602'),
(148, '106.77268068681916', '10.860667024718293'),
(149, '106.77224482785375', '10.860697317626457'),
(150, '106.77175733636948', '10.860788854874473'),
(151, '106.77160525849716', '10.860812772621784'),
(152, '106.76946354394173', '10.861123450329710'),
(153, '106.76873136043828', '10.861116204559673'),
(154, '106.76862675427424', '10.861089862936382'),
(155, '106.76856707512854', '10.861067472556059'),
(156, '106.76769368655094', '10.860423508057560'),
(157, '106.76753221797213', '10.860375363569974'),
(158, '106.76730288910129', '10.860515633017542'),
(159, '106.76723650443361', '10.860547901565933'),
(160, '106.76714262711067', '10.860578194487440'),
(161, '106.76688446449354', '10.860638780318801'),
(162, '106.76669603932568', '10.860698049054037'),
(163, '106.76669268653268', '10.860699366140686'),
(164, '106.76663032517820', '10.860732951751963'),
(165, '106.76656796382370', '10.860767854442010'),
(166, '106.76614953923429', '10.861108320095848'),
(167, '106.76573375737587', '10.861538541474955'),
(168, '106.76544877265350', '10.861779566871059'),
(169, '106.76523174598651', '10.861935717077480'),
(170, '106.76487232998850', '10.861551130219821'),
(171, '106.76475230112312', '10.861399007537681'),
(172, '106.76457996919439', '10.861238982298138'),
(173, '106.76433924093176', '10.861043395777488'),
(174, '106.76410253599106', '10.860866248281491'),
(175, '106.77252416778627', '10.862394188935940'),
(176, '106.77001688387922', '10.863350676892798'),
(177, '106.76982577648029', '10.863375042708690'),
(178, '106.76753250290798', '10.864245692318491'),
(179, '106.76737894645446', '10.864274009262504'),
(180, '106.76724684764172', '10.864293765269867'),
(181, '106.76711474885855', '10.864296399403880'),
(182, '106.76699002614957', '10.864283228733571'),
(183, '106.76683848131788', '10.864250302054094'),
(184, '106.76663463344941', '10.864214082703755'),
(185, '106.76644352605105', '10.864193009624385'),
(186, '106.76633355547584', '10.864200253496078'),
(187, '106.76620682111026', '10.864222643641499'),
(188, '106.76605795850978', '10.864268082462448'),
(189, '106.76590708424878', '10.864331301679313'),
(190, '106.76335456570727', '10.865894576522413'),
(191, '106.76306622823805', '10.866015087486478'),
(192, '106.76290373334524', '10.866056560298816'),
(193, '106.76268067269868', '10.866004987308889'),
(194, '106.76230918675462', '10.865896329881997'),
(195, '106.76222067386438', '10.865876573982199'),
(196, '106.76213953704831', '10.865871305742035'),
(197, '106.76205099975449', '10.865876106745140'),
(198, '106.76186206028770', '10.865295004450953'),
(199, '106.76168369339410', '10.864941372930437'),
(200, '106.76099373436772', '10.863784660771787'),
(201, '106.76094244649592', '10.863663293553090'),
(202, '106.76088045807836', '10.863441487420912'),
(203, '106.76451727138802', '10.862463915103092'),
(204, '106.76463931190972', '10.862415841857095'),
(205, '106.76473989473953', '10.862357890538359'),
(206, '106.76522607512047', '10.861937567024528'),
(207, '106.76486267684678', '10.861542424942210'),
(208, '106.76475136517315', '10.861400838895687'),
(209, '106.76458171545092', '10.861243447818808'),
(210, '106.76410141441800', '10.860866318061092'),
(211, '106.74603176499664', '10.864069124556774'),
(212, '106.74557444797162', '10.863487735262014'),
(213, '106.74549331114156', '10.863407393944174'),
(214, '106.74407604219917', '10.862209354947874'),
(215, '106.74303416518366', '10.862855192726730'),
(216, '106.74281757682343', '10.863000729297541'),
(217, '106.74268816024906', '10.863081729258703'),
(218, '106.74257751911361', '10.863171290171678'),
(219, '106.74249034732777', '10.863254265693975'),
(220, '106.74241926877770', '10.863333948519200'),
(221, '106.74232807367865', '10.863441289806612'),
(222, '106.74224291354587', '10.863615801636016'),
(223, '106.74194030886616', '10.864635447777031'),
(224, '106.74179334834183', '10.865183574101719'),
(225, '106.74173702195714', '10.865358084909857'),
(226, '106.74165787460036', '10.865535802876845'),
(227, '106.74161562980666', '10.865608241254739'),
(228, '106.74155393899781', '10.865681996675274'),
(229, '106.74147883715155', '10.865760361787880'),
(230, '106.74136793801739', '10.865838980268952'),
(231, '106.74122041653364', '10.865918003870254'),
(232, '106.74114799686917', '10.865944345068723'),
(233, '106.74095487783592', '10.865989125096231'),
(234, '106.74069373677190', '10.866014624190294'),
(235, '106.74069414069083', '10.866047862225680'),
(236, '106.74075303215060', '10.866910524008654'),
(237, '106.74074766773300', '10.867042229526376'),
(238, '106.74074590982433', '10.867129492000760'),
(239, '106.74075570528186', '10.867637040658398'),
(240, '106.73984646445693', '10.866101044641999'),
(241, '106.73939341278880', '10.866132942889859'),
(242, '106.73906125779600', '10.866193584220044'),
(243, '106.73900090809809', '10.866217291274474'),
(244, '106.73887484428471', '10.866279193018796'),
(245, '106.73877404865860', '10.866346180836318'),
(246, '106.73782661176547', '10.867307071318136'),
(247, '106.73766789840370', '10.867424802980178'),
(248, '106.73707967761504', '10.867706723628020'),
(249, '106.73684174736839', '10.867797592911092'),
(250, '106.73565162797090', '10.868244770379581'),
(251, '106.73534805403412', '10.868380966762372'),
(252, '106.73506642211062', '10.868529134735670'),
(253, '106.73487188044906', '10.868655011478454'),
(254, '106.74025769525548', '10.870669883398627'),
(255, '106.74056377099588', '10.869954738499004'),
(256, '106.74057248817448', '10.869918519840905'),
(257, '106.74057517038327', '10.869907324982066'),
(258, '106.74057181762228', '10.869888886390108'),
(259, '106.74056444154810', '10.869873081881820'),
(260, '106.74054365442991', '10.869861887021264'),
(261, '106.74024525867732', '10.869779571853659'),
(262, '106.74022044824595', '10.869767059946756'),
(263, '106.74021374272397', '10.869750596910539'),
(264, '106.74020904885857', '10.869717012313847'),
(265, '106.74036857667252', '10.869331882621557'),
(266, '106.74040411593080', '10.869229153110863'),
(267, '106.74042684346531', '10.869141053750202'),
(268, '106.74050402732459', '10.868500769626179'),
(269, '106.74053903629367', '10.868214531454413'),
(270, '106.74055445899424', '10.868177654060170'),
(271, '106.74057792832119', '10.868156581261402'),
(272, '106.74059200991736', '10.868149996011494'),
(273, '106.74071807373075', '10.868134849936140'),
(274, '106.74074556637089', '10.868126947635636'),
(275, '106.74076098907148', '10.868113118609276'),
(276, '106.74076501238466', '10.868097314006933'),
(277, '106.74075517602860', '10.867913671008177'),
(278, '106.74075383492664', '10.867635773104816'),
(279, '106.74603002260328', '10.864071148462404'),
(280, '106.74557660442726', '10.863491597824424'),
(281, '106.74548974617977', '10.863402930348824'),
(282, '106.74612776845552', '10.862679212242659'),
(283, '106.74806274942193', '10.859729959002802'),
(284, '106.74843137790032', '10.859166936018040'),
(285, '106.74843070734812', '10.859167594562841'),
(286, '106.74915989271564', '10.857916726099099'),
(287, '106.74934312555679', '10.857680699645822'),
(288, '106.74955233785734', '10.857456793206628'),
(289, '106.74996968842875', '10.856881701257798'),
(290, '106.75049501068501', '10.855874933898020'),
(291, '106.75056273645710', '10.855742564902483'),
(292, '106.75061638063299', '10.855607561637670'),
(293, '106.75063381500050', '10.855510095824455'),
(294, '106.75066533095682', '10.855408678661922'),
(295, '106.75091029059512', '10.854129393548215'),
(296, '106.75092705496837', '10.854078975601821'),
(297, '106.75096795865250', '10.853989411968440'),
(298, '106.75101757952265', '10.853911043764656'),
(299, '106.75116512869789', '10.853695145860383'),
(300, '106.75138681087734', '10.853423015404086'),
(301, '106.75142100903949', '10.853511920649938'),
(302, '106.75182614855458', '10.854352732447298'),
(303, '106.75196742080546', '10.855024045822931'),
(304, '106.75202297245686', '10.858698357231775'),
(305, '106.75211550866692', '10.859202802934387'),
(306, '106.75231526883616', '10.859685671081095'),
(307, '106.75443854396907', '10.862048792332384'),
(308, '106.75453979735110', '10.862182475609524'),
(309, '106.75469938878430', '10.862377402845425'),
(310, '106.75483416979024', '10.862515037203732'),
(311, '106.75495036091520', '10.862609131426382'),
(312, '106.75493426766243', '10.862738204694110'),
(313, '106.75488330569169', '10.862939716932907'),
(314, '106.75482630874852', '10.863112911983881'),
(315, '106.75442957537982', '10.864081101459151'),
(316, '106.75420561092858', '10.864390612274706'),
(317, '106.75400444526028', '10.864667196133185'),
(318, '106.75391526180861', '10.864845658441505'),
(319, '106.75366909747625', '10.865281532690865'),
(320, '106.75354303223253', '10.865707698766219'),
(321, '106.75391317706558', '10.865888136039535'),
(322, '106.75407813293229', '10.865992183761726'),
(323, '106.75438055198538', '10.866219376446555'),
(324, '106.75453410845475', '10.866283253780168'),
(325, '106.75480232936259', '10.866372813728330'),
(326, '106.75501921356333', '10.866406594466318'),
(327, '106.75503329515949', '10.866444789136933'),
(328, '106.75507218718704', '10.866484300860003'),
(329, '106.75516137062948', '10.866553446362804'),
(330, '106.75577812335095', '10.866864842267915'),
(331, '106.75543463274623', '10.867617642117441'),
(332, '106.74602967713359', '10.864068054106504'),
(333, '106.74737126648613', '10.865785202861273'),
(334, '106.74742289901583', '10.865886616501369'),
(335, '106.74756428026750', '10.866217125188388'),
(336, '106.74793509564707', '10.867270557096193'),
(337, '106.74789635036424', '10.868338562772093'),
(338, '106.74805216133385', '10.868404889137341'),
(339, '106.74815006195486', '10.868467448952257'),
(340, '106.74880329837146', '10.868923126590698'),
(341, '106.74923070972143', '10.869334360768052'),
(342, '106.74931855206349', '10.869441699899480'),
(343, '106.74927027230578', '10.869712352383631'),
(344, '106.74923729427934', '10.869979409885172'),
(345, '106.74923394151867', '10.870237549996776'),
(346, '106.74924802311740', '10.870366619969335'),
(347, '106.74926881023556', '10.870450910531150'),
(348, '106.74929965564385', '10.870527298835002'),
(349, '106.74939085075209', '10.870641881252228'),
(350, '106.74952429064432', '10.870744610277658'),
(351, '106.74960408636441', '10.870805194046062'),
(352, '106.74970198699530', '10.870903313383888'),
(353, '106.74989025977337', '10.871158968146975'),
(354, '106.74945400501254', '10.871676069457548'),
(355, '106.74940840746301', '10.871720848624930'),
(356, '106.74938091482285', '10.871773529989719'),
(357, '106.74936549211631', '10.871845308338470'),
(358, '106.74935342217250', '10.872081057277866'),
(359, '106.74936146880263', '10.872296392042388'),
(360, '106.74939231420582', '10.872461679477833'),
(361, '106.74941913629580', '10.872556505696341'),
(362, '106.74946339274375', '10.872761303879544'),
(363, '106.74947143937024', '10.872879836527199'),
(364, '106.74946272218862', '10.873014173470130'),
(365, '106.74940572524794', '10.873376356099000'),
(366, '106.74938091480962', '10.873454060681452'),
(367, '106.74934336388648', '10.873493571476345'),
(368, '106.74930849517216', '10.873521229029672'),
(369, '106.74926222707045', '10.873542959962604'),
(370, '106.74899467672080', '10.873601567624561'),
(371, '106.74886257792028', '10.873654248660275'),
(372, '106.74859838034340', '10.873772780950842'),
(373, '106.74854071285428', '10.873782658639510'),
(374, '106.74842939254037', '10.873804595479962'),
(375, '106.74837641891666', '10.873818424242517'),
(376, '106.74831808087536', '10.873862544575910'),
(377, '106.74828790602642', '10.873905347878187'),
(378, '106.74822483474290', '10.874042672388676'),
(379, '106.74843672923774', '10.873997893569829'),
(380, '106.74862515442966', '10.873979455230266'),
(381, '106.74870495014132', '10.873979455230266'),
(382, '106.74887661150422', '10.874015014883260'),
(383, '106.74904894345224', '10.874091402273391'),
(384, '106.74915287904305', '10.874193471598069'),
(385, '106.75129396675204', '10.875224831095558'),
(386, '106.75139723179068', '10.875260390600072'),
(387, '106.75180358645306', '10.875402628577662'),
(388, '106.75226962026827', '10.875484942190804'),
(389, '106.75253247676716', '10.875589645076918'),
(390, '106.75257278492670', '10.875617194493662'),
(391, '106.75646244947681', '10.869193751720639'),
(392, '106.75655620695100', '10.869035882073062'),
(393, '106.75675200820581', '10.868639202468309'),
(394, '106.75744575554359', '10.867166820887068'),
(395, '106.75748656865855', '10.867118034130650'),
(396, '106.75737190421303', '10.867050205811747'),
(397, '106.75706680294768', '10.866905988267675'),
(398, '106.75649299400148', '10.866597737849887'),
(399, '106.75625763017969', '10.866462080963720'),
(400, '106.75612620193961', '10.866419276593069'),
(401, '106.75601134872330', '10.866391579421686'),
(402, '106.75543327686472', '10.867612719817343'),
(403, '106.74602967713359', '10.864068054106504'),
(404, '106.74737126648613', '10.865785202861273'),
(405, '106.74742289901583', '10.865886616501369'),
(406, '106.74756428026750', '10.866217125188388'),
(407, '106.74793509564707', '10.867270557096193'),
(408, '106.74789635036424', '10.868338562772093'),
(409, '106.74785723092596', '10.868433270783290'),
(410, '106.74790014626902', '10.868686802564978'),
(411, '106.74789545240473', '10.868751996419357'),
(412, '106.74792830946426', '10.869096404106037'),
(413, '106.74792495670253', '10.869188597301624'),
(414, '106.74791556897175', '10.869233376842330'),
(415, '106.74790081682336', '10.869274205241247'),
(416, '106.74786997142222', '10.869314375112161'),
(417, '106.74783644381229', '10.869340057485786'),
(418, '106.74780390875960', '10.869358425892344'),
(419, '106.74778043943265', '10.869367645204845'),
(420, '106.74775093513588', '10.869375547472487'),
(421, '106.74756582560407', '10.869388549153804'),
(422, '106.74751620474134', '10.869400402554350'),
(423, '106.74744646731267', '10.869423450831839'),
(424, '106.74740489307635', '10.869451108762478'),
(425, '106.74732107403437', '10.869545277415835'),
(426, '106.74596853847538', '10.871721072203295'),
(427, '106.74508000311810', '10.873377878850112'),
(428, '106.75275878160112', '10.875895883211905'),
(429, '106.75308936385997', '10.875960416981840'),
(430, '106.75339781790463', '10.876003878491844'),
(431, '106.75370761303773', '10.876027584768172'),
(432, '106.75401271432678', '10.876026267753083'),
(433, '106.75439492909958', '10.876004537000997'),
(434, '106.75478988438485', '10.875928808609595'),
(435, '106.75490991324007', '10.875926833085991'),
(436, '106.75586330561353', '10.875758967827630'),
(437, '106.75603657179290', '10.875642067363938'),
(438, '106.75881788582222', '10.875088108369695'),
(439, '106.75839410353642', '10.873372129529450'),
(440, '106.75828029084120', '10.872625286562057'),
(441, '106.75801379356471', '10.871831293282101'),
(442, '106.75770060463503', '10.871388991772026'),
(443, '106.75732539502373', '10.871077672207784'),
(444, '106.75697268454296', '10.870824142459472'),
(445, '106.75665544778649', '10.870645115050400'),
(446, '106.75586442094465', '10.870141186022027'),
(447, '106.75633146307344', '10.869392830792279'),
(448, '106.75655852089497', '10.869037830290030'),
(449, '106.75676036289575', '10.868626159673715'),
(450, '106.75734562026265', '10.867355121876550'),
(451, '106.75738115952920', '10.867295854462911'),
(452, '106.75744754419690', '10.867164149057121'),
(453, '106.75748832082988', '10.867118237366364'),
(454, '106.75706683159981', '10.866906347085882'),
(455, '106.75626104106442', '10.866462883431634'),
(456, '106.75600930919134', '10.866392775712205'),
(457, '106.75543722690664', '10.867613700195298'),
(458, '106.75351420344201', '10.849581412879148'),
(459, '106.75352157952297', '10.849551777408240'),
(460, '106.75354102553672', '10.849513580577558'),
(461, '106.75356248320709', '10.849479335139005'),
(462, '106.75358461142966', '10.849452333925068'),
(463, '106.75361560551260', '10.849421431075180'),
(464, '106.75365181533134', '10.849449090858139'),
(465, '106.75446902402626', '10.850432377722473'),
(466, '106.75485121454001', '10.850841626094141'),
(467, '106.75488071883677', '10.850881139881274'),
(468, '106.75495410516305', '10.851031622073334'),
(469, '106.75499769105598', '10.851047427578775'),
(470, '106.75501646651756', '10.851063891646056'),
(471, '106.75502920700933', '10.851082331400317'),
(472, '106.75503993584451', '10.851114600967566'),
(473, '106.75503859474010', '10.851144894843836'),
(474, '106.75502585424833', '10.851180457216422'),
(475, '106.75501043154776', '10.851198238401125'),
(476, '106.75498226835540', '10.851217336709436'),
(477, '106.75494874074548', '10.851227215144300'),
(478, '106.75492258920970', '10.851226556581981'),
(479, '106.75490917816573', '10.851225239457367'),
(480, '106.75463482400373', '10.852777788762982'),
(481, '106.75463214179430', '10.852818619415757'),
(482, '106.75461995686969', '10.853086293615425'),
(483, '106.75463269736149', '10.853200882723163'),
(484, '106.75472576890644', '10.853625742163755'),
(485, '106.75491410678377', '10.854087904334635'),
(486, '106.75535664900376', '10.855080422287218'),
(487, '106.75549930236863', '10.855263293601820'),
(488, '106.75570812175160', '10.855473948573348'),
(489, '106.75611737372256', '10.855877710127437'),
(490, '106.75636849572635', '10.856172264616873'),
(491, '106.75711020443362', '10.855613837565151'),
(492, '106.75747431430155', '10.855281268288326'),
(493, '106.75763963167000', '10.855099968097319'),
(494, '106.75778178873614', '10.854961671771758'),
(495, '106.75778044764527', '10.854961671768413'),
(496, '106.75789310041466', '10.854875401170997'),
(497, '106.75568137186019', '10.851072665841592'),
(498, '106.75605355380462', '10.851086692213268'),
(499, '106.75647830513310', '10.851175921145200'),
(500, '106.75681156959665', '10.851236508883673'),
(501, '106.75706906164100', '10.851271412683165'),
(502, '106.75750183244054', '10.851134011316125'),
(503, '106.75774390178432', '10.851068813619701'),
(504, '106.75781296867802', '10.851039836861020'),
(505, '106.75799669998051', '10.850991761778163'),
(506, '106.75816030177160', '10.850900938158057'),
(507, '106.75851136911200', '10.850663707172377'),
(508, '106.75861396359840', '10.850684122641866'),
(509, '106.75874740350204', '10.850657780100920'),
(510, '106.75909553450705', '10.850620152909245'),
(511, '106.75971934689161', '10.850579447132210'),
(512, '106.75994169712939', '10.851774214814794'),
(513, '106.76011446090708', '10.852413625174217'),
(514, '106.76018218668172', '10.852605265987911'),
(515, '106.76018419833844', '10.852666511996590'),
(516, '106.76018956275604', '10.852727757990497'),
(517, '106.76016944619006', '10.852782418383047'),
(518, '106.75934242850656', '10.853632228174172'),
(519, '106.75917009658434', '10.853799501611457'),
(520, '106.75876481149380', '10.854292418685112'),
(521, '106.75854862563605', '10.854462461920349'),
(522, '106.75798571009946', '10.854809582880582'),
(523, '106.75789049168723', '10.854878731086561'),
(524, '106.75351420344201', '10.849581412879148'),
(525, '106.75352157952297', '10.849551777408240'),
(526, '106.75354102553672', '10.849513580577558'),
(527, '106.75356248320709', '10.849479335139005'),
(528, '106.75358461142966', '10.849452333925068'),
(529, '106.75361560551260', '10.849421431075180'),
(530, '106.75365181533134', '10.849449090858139'),
(531, '106.75446902402626', '10.850432377722473'),
(532, '106.75486219179567', '10.850031486799294'),
(533, '106.75516719527315', '10.849761343112880'),
(534, '106.75571607686108', '10.849291709317962'),
(535, '106.75539974856872', '10.848841484539310'),
(536, '106.75532531727464', '10.848748626497668'),
(537, '106.75529581297788', '10.848714380971487'),
(538, '106.75523896109773', '10.848589308752185'),
(539, '106.75518397581742', '10.848487230675476'),
(540, '106.75497375417247', '10.848298523867507'),
(541, '106.75484903145728', '10.848194469982305'),
(542, '106.75478868175938', '10.848122027384173'),
(543, '106.75495635315421', '10.847940094606995'),
(544, '106.75499658628614', '10.847875554783700'),
(545, '106.75505993052181', '10.847700859822885'),
(546, '106.75517660660722', '10.847505264442544'),
(547, '106.75457713288729', '10.847153587573535'),
(548, '106.75380108815972', '10.849981215872477'),
(549, '106.75429886372704', '10.850613306780904'),
(550, '106.75468206103258', '10.851039464281163'),
(551, '106.75482891197707', '10.851115857550614'),
(552, '106.75482834384170', '10.851137995390520'),
(553, '106.75483303770712', '10.851161703639937'),
(554, '106.75485047206426', '10.851190680386646'),
(555, '106.75487997636102', '10.851213071507189'),
(556, '106.75490478679238', '10.851224267066831'),
(557, '106.75493496164133', '10.851228218440719'),
(558, '106.75496647759466', '10.851225584191468'),
(559, '106.75498994692163', '10.851215705756568'),
(560, '106.75501006348759', '10.851201217384759'),
(561, '106.75502883894916', '10.851170923514198'),
(562, '106.75503822667993', '10.851147215265520'),
(563, '106.75504090888874', '10.851124824140042'),
(564, '106.75503487391894', '10.851105725825814'),
(565, '106.75503219171014', '10.851084651822480'),
(566, '106.75502079232278', '10.851069504881673'),
(567, '106.75495300285239', '10.851029878430690'),
(568, '106.75487790100419', '10.850876433268088'),
(569, '106.75485912554262', '10.850850749306638'),
(570, '106.75447132527889', '10.850433774763701'),
(571, '106.75486219179567', '10.850031486799294'),
(572, '106.75516719527315', '10.849761343112880'),
(573, '106.75571607686108', '10.849291709317962'),
(574, '106.75539974856872', '10.848841484539310'),
(575, '106.75532531727464', '10.848748626497668'),
(576, '106.75529581297788', '10.848714380971487'),
(577, '106.75523896109773', '10.848589308752185'),
(578, '106.75518397581742', '10.848487230675476'),
(579, '106.75497375417247', '10.848298523867507'),
(580, '106.75484903145728', '10.848194469982305'),
(581, '106.75478868175938', '10.848122027384173'),
(582, '106.75495635315421', '10.847940094606995'),
(583, '106.75499658628614', '10.847875554783700'),
(584, '106.75505993052181', '10.847700859822885'),
(585, '106.75517660660722', '10.847505264442544'),
(586, '106.75457713288729', '10.847153587573535'),
(587, '106.76627094987012', '10.877976559260642'),
(588, '106.76593433264688', '10.878002899391767'),
(589, '106.76595778689948', '10.878161834493953'),
(590, '106.76578835096782', '10.878182759652480'),
(591, '106.76582389024410', '10.878361213874905'),
(592, '106.76582389024410', '10.878378993440666'),
(593, '106.76581986693090', '10.878393480493486'),
(594, '106.76580980864792', '10.878412577062020'),
(595, '106.76579907981274', '10.878424430103953'),
(596, '106.76512455167064', '10.878834126662898'),
(597, '106.76484882482981', '10.878978804124758'),
(598, '106.76504367644465', '10.879555233288016'),
(599, '106.76510591002621', '10.879832035357088'),
(600, '106.76707592935846', '10.880436465894320'),
(601, '106.76830851691805', '10.880738539041987'),
(602, '106.76833265679723', '10.880741831527995'),
(603, '106.76834673839339', '10.880738539041987'),
(604, '106.76834834160160', '10.880737482617771'),
(605, '106.76842880786546', '10.880675583873910'),
(606, '106.76856828273576', '10.880860621572417'),
(607, '106.76867825330599', '10.880973224530575'),
(608, '106.77244604380229', '10.885430610376044'),
(609, '106.77256607264587', '10.885551113442752'),
(610, '106.77265726774493', '10.885656471275365'),
(611, '106.77272633463643', '10.885714418071593'),
(612, '106.77284099906242', '10.885827677678062'),
(613, '106.77305760988020', '10.886004285528927'),
(614, '106.77400508368567', '10.886704250546750'),
(615, '106.77408420884512', '10.886604160958678'),
(616, '106.77440698767940', '10.885805600103138'),
(617, '106.77448946559984', '10.885841158345432'),
(618, '106.76714864968757', '10.880592768538316'),
(619, '106.76765261050514', '10.883443995021505'),
(620, '106.76779506812538', '10.884069035636620'),
(621, '106.76819324701934', '10.886332010299690'),
(622, '106.76840799616049', '10.888680656728113'),
(623, '106.76917441369191', '10.888305478153102'),
(624, '106.76950340375853', '10.888118627575471'),
(625, '106.77028686724235', '10.887498054082930'),
(626, '106.77066183847897', '10.887212876556344'),
(627, '106.77266389786068', '10.885662295661888'),
(628, '106.77272819257986', '10.885714840863210'),
(629, '106.77284419811026', '10.885834026843094'),
(630, '106.77305408097483', '10.886003916171289'),
(631, '106.77333571291416', '10.886208046631438'),
(632, '106.77400522190248', '10.886704010849119'),
(633, '106.77408367650975', '10.886606555197917'),
(634, '106.77440602426820', '10.885806709057102'),
(635, '106.77449051384524', '10.885839633355552'),
(636, '106.76627094987012', '10.877976559260642'),
(637, '106.76593433264688', '10.878002899391767'),
(638, '106.76595778689948', '10.878161834493953'),
(639, '106.76578835096782', '10.878182759652480'),
(640, '106.76582389024410', '10.878361213874905'),
(641, '106.76582389024410', '10.878378993440666'),
(642, '106.76581986693090', '10.878393480493486'),
(643, '106.76580980864792', '10.878412577062020'),
(644, '106.76579907981274', '10.878424430103953'),
(645, '106.76512455167064', '10.878834126662898'),
(646, '106.76484882482981', '10.878978804124758'),
(647, '106.76504367644465', '10.879555233288016'),
(648, '106.76510591002621', '10.879832035357088'),
(649, '106.76522812851739', '10.879869777548182'),
(650, '106.76504972455264', '10.880034895044833'),
(651, '106.76497059939320', '10.880090867434088'),
(652, '106.76487894219477', '10.880143757918486'),
(653, '106.76489344376924', '10.880165275886823'),
(654, '106.76542311827373', '10.881165525568047'),
(655, '106.76514618021562', '10.881287347351465'),
(656, '106.76431111715388', '10.880486407784716'),
(657, '106.76385309459027', '10.880850363672280'),
(658, '106.76399782884317', '10.881007043498930'),
(659, '106.76391199816172', '10.881072893152780'),
(660, '106.76389590490896', '10.881096599024591'),
(661, '106.76389255214796', '10.881117012412714'),
(662, '106.76389322270016', '10.881126889858079'),
(663, '106.76390126933184', '10.881138084298330'),
(664, '106.76431285605527', '10.881617827482309'),
(665, '106.76432559654705', '10.881638240834741'),
(666, '106.76435711250040', '10.881666556127703'),
(667, '106.76437454687044', '10.881671824090752'),
(668, '106.76440271006280', '10.881675116566445'),
(669, '106.76445233092552', '10.881656020206910'),
(670, '106.76451871559320', '10.881600048111578'),
(671, '106.76486673223300', '10.881412376888195'),
(672, '106.76514702305211', '10.881286604179941'),
(673, '106.76708772609508', '10.880438377446765'),
(674, '106.76714941689737', '10.880596416893075'),
(675, '106.76735481538520', '10.881652792567769'),
(676, '106.76669072380919', '10.881841963461131'),
(677, '106.76604616712787', '10.882045462811357'),
(678, '106.76558203314833', '10.882198059375142'),
(679, '106.76531356983580', '10.881217972417549'),
(680, '106.76514459067171', '10.881289748489353'),
(681, '106.73337295403402', '10.878254766063746'),
(682, '106.73341740949321', '10.878562645515630'),
(683, '106.73354204240971', '10.879172811073470'),
(684, '106.73364901390116', '10.879544393299580'),
(685, '106.73387425635556', '10.880073077766642'),
(686, '106.73395740483520', '10.880218605941346'),
(687, '106.73483127240958', '10.881425166338643'),
(688, '106.73505414887893', '10.881826848443703'),
(689, '106.73530070860085', '10.882200108108792'),
(690, '106.73676429622820', '10.884654409241096'),
(691, '106.73802694557469', '10.887077006511566'),
(692, '106.73808461306379', '10.887119807916337'),
(693, '106.73815703271094', '10.887237676370678'),
(694, '106.74431859725296', '10.883915809742792'),
(695, '106.74439034634827', '10.883867739954999'),
(696, '106.74448020034292', '10.883781477714466'),
(697, '106.74749522044428', '10.880504794398268'),
(698, '106.75740359457873', '10.894240111585951'),
(699, '106.75750350685979', '10.894363244959921'),
(700, '106.75823352801610', '10.895840918059600'),
(701, '106.75928021621483', '10.895225965635062'),
(702, '106.75933453094294', '10.895138389753512'),
(703, '106.76051624537767', '10.894413567871377'),
(704, '106.76108391391779', '10.894105072397650'),
(705, '106.76114962803328', '10.894057662722544'),
(706, '106.76283624173260', '10.893075996188305'),
(707, '106.76289923110998', '10.893073111303865'),
(708, '106.76342625527442', '10.892770591196296'),
(709, '106.76349331049430', '10.892727790603647'),
(710, '106.76392479678768', '10.892461380231670'),
(711, '106.76396301826300', '10.892396191566558'),
(712, '106.76608615028451', '10.891138798001938'),
(713, '106.76627910617488', '10.891008847504520'),
(714, '106.76708316758070', '10.892297563206053'),
(715, '106.76714619949271', '10.892381847567695'),
(716, '106.76723110730131', '10.892478854541773'),
(717, '106.76729078645343', '10.892306335019496'),
(718, '106.76740697208602', '10.892047253985027'),
(719, '106.76832357900163', '10.890470955480200'),
(720, '106.76841946796849', '10.890222051562006'),
(721, '106.76844964282364', '10.890055457021125'),
(722, '106.76845165448022', '10.890019899281898'),
(723, '106.76840704984747', '10.888683338557799'),
(724, '106.76819297108268', '10.886331508907814'),
(725, '106.76779418590770', '10.884056086093128'),
(726, '106.76765318610089', '10.883446636168820'),
(727, '106.76735449662786', '10.881653084148834'),
(728, '106.76669019346531', '10.881842403835604'),
(729, '106.76605101646778', '10.882043903335147'),
(730, '106.76558393043908', '10.882198021860843'),
(731, '106.76531234637505', '10.881216330739809'),
(732, '106.76514470829954', '10.881287448318366'),
(733, '106.75042515162380', '10.877217648408207'),
(734, '106.75046538476231', '10.877051046597444'),
(735, '106.75092929747305', '10.876166499826104'),
(736, '106.75124895002739', '10.875639560917273'),
(737, '106.75126705493675', '10.875570417520280'),
(738, '106.75127952424462', '10.875279584277404'),
(739, '106.75129121369007', '10.875224221004588'),
(740, '106.75139716093749', '10.875257804981262'),
(741, '106.75180820945690', '10.875404652524308'),
(742, '106.75226686720664', '10.875486307629952'),
(743, '106.75238421385525', '10.875527135175364'),
(744, '106.75253039423458', '10.875589034988110'),
(745, '106.75257196847092', '10.875614716821540'),
(746, '106.75277514581400', '10.875687152752263'),
(747, '106.75316138389816', '10.875799099153566'),
(748, '106.75339674774870', '10.875841902179210'),
(749, '106.75360126619114', '10.875866925483768'),
(750, '106.75382590117775', '10.875887339229966'),
(751, '106.75399219816696', '10.875886022215171'),
(752, '106.75430601659600', '10.875876803104116'),
(753, '106.75448974793498', '10.875876803104040'),
(754, '106.75460709456976', '10.875885363707164'),
(755, '106.75468152586384', '10.875895241325859'),
(756, '106.75479509997018', '10.875929385913794'),
(757, '106.75490909384398', '10.875927410390316'),
(758, '106.75517731474517', '10.875889875441393'),
(759, '106.75884835767174', '10.875180174100699'),
(760, '106.76010079729818', '10.874874458987177'),
(761, '106.76289057709879', '10.873982115504521'),
(762, '106.76308973111276', '10.873836584287870'),
(763, '106.76498593020779', '10.873192897229794'),
(764, '106.76523336397811', '10.873776825479933'),
(765, '106.76524409281328', '10.873810409619578'),
(766, '106.76533327626564', '10.873897333261510'),
(767, '106.76534400510427', '10.873934209950990'),
(768, '106.76628766577721', '10.876225517294390'),
(769, '106.76645414713346', '10.876660356565150'),
(770, '106.76649438026709', '10.876864493423750'),
(771, '106.76652187291089', '10.877095628861829'),
(772, '106.76661205806163', '10.878096873242509'),
(773, '106.76669788875034', '10.878432189373349'),
(774, '106.76677299060246', '10.878627764495477'),
(775, '106.76698456813651', '10.879008344285229'),
(776, '106.76723393965727', '10.879314744130877'),
(777, '106.76779807333995', '10.879919353891028'),
(778, '106.76820985798402', '10.880399075370976'),
(779, '106.76811396901597', '10.880470851641732'),
(780, '106.76801405673390', '10.880657206462920'),
(781, '106.76708943349834', '10.880439558284916'),
(782, '106.76715045375110', '10.880596280737741'),
(783, '106.76735473927569', '10.881651867706893'),
(784, '106.76667501705148', '10.881846400153913'),
(785, '106.76558342392774', '10.882197974534392'),
(786, '106.76531177761471', '10.881216199403092'),
(787, '106.76514615121297', '10.881287975475916'),
(788, '106.73337481654681', '10.878254195262636'),
(789, '106.73278355829177', '10.873980749521271'),
(790, '106.73278250651110', '10.873681814217417'),
(791, '106.73282111489446', '10.872591497269994'),
(792, '106.73325899961766', '10.871866370519784'),
(793, '106.73361271652408', '10.870717195614759'),
(794, '106.73362746867247', '10.870648709596230'),
(795, '106.73362880977830', '10.870598662108508'),
(796, '106.73362344536052', '10.870568370203669'),
(797, '106.73361741039074', '10.870528200501594'),
(798, '106.73360064658578', '10.870480787075786'),
(799, '106.73359595271845', '10.870468933717223'),
(800, '106.73356577786952', '10.870410325442018'),
(801, '106.73342697355795', '10.870202233042022'),
(802, '106.73269292658082', '10.869846320272861'),
(803, '106.73261313086917', '10.869834466890024'),
(804, '106.73253199405312', '10.869846978794113'),
(805, '106.73246091552002', '10.869866734431083'),
(806, '106.73234759217627', '10.869926659857668'),
(807, '106.73231272346193', '10.869959585909763'),
(808, '106.73228456026958', '10.870001072730230'),
(809, '106.73225773817418', '10.870055071444035'),
(810, '106.73223359829502', '10.870122240557547'),
(811, '106.73197189750542', '10.871076158326145'),
(812, '106.73197122695157', '10.871131473881686'),
(813, '106.73197457971256', '10.871176253130798'),
(814, '106.73199067296534', '10.871226959037143'),
(815, '106.73201481284448', '10.871270421235709'),
(816, '106.73210064353489', '10.871356028581664'),
(817, '106.73215965212839', '10.871396198172280'),
(818, '106.73215831102400', '10.871398832243598'),
(819, '106.73220994354331', '10.871415953706668'),
(820, '106.73224950612303', '10.871420563331170'),
(821, '106.73229175091156', '10.871422538884495'),
(822, '106.73236349999684', '10.871407392975254'),
(823, '106.73245938898549', '10.871371174493639'),
(824, '106.73254589021913', '10.871320468611822'),
(825, '106.73261898042509', '10.871266470129713'),
(826, '106.73278259516160', '10.871100523517057'),
(827, '106.73362358644754', '10.868208778025618'),
(828, '106.73487505877637', '10.868653529099802'),
(829, '106.73506415538596', '10.868531879840100'),
(830, '106.73535115174597', '10.868380419243088'),
(831, '106.73708011583253', '10.867707151421364'),
(832, '106.73767128518047', '10.867424013536597'),
(833, '106.73781141066995', '10.867321335828207'),
(834, '106.73876720724556', '10.866352304970881'),
(835, '106.73885831299756', '10.866288996247421'),
(836, '106.73896426025763', '10.866233021267238'),
(837, '106.73905746701327', '10.866193509510900'),
(838, '106.73906149034077', '10.866193509509475'),
(839, '106.73914866212661', '10.866171119511895'),
(840, '106.73939274314924', '10.866131607747036'),
(841, '106.74095428339800', '10.865988057815143'),
(842, '106.74115008466725', '10.865943936314027'),
(843, '106.74121781043934', '10.865918912178058'),
(844, '106.74135728531533', '10.865846473876502'),
(845, '106.74146658533263', '10.865766791723136'),
(846, '106.74154369883551', '10.865697646038102'),
(847, '106.74160337798120', '10.865625866214806'),
(848, '106.74164361112528', '10.865559354616384'),
(849, '106.74172944180995', '10.865378917144422'),
(850, '106.74224216411814', '10.863618198685705'),
(851, '106.74232965730512', '10.863442327424488'),
(852, '106.74138417865565', '10.862784449836080'),
(853, '106.74066963735218', '10.862190101217113'),
(854, '106.74019405274272', '10.861656026287761'),
(855, '106.73961473002400', '10.861083914044784'),
(856, '106.73905415969790', '10.860593890074247'),
(857, '106.73889590936722', '10.860482596508803'),
(858, '106.73873229461923', '10.860342327045144'),
(859, '106.73866389829494', '10.860270545934346'),
(860, '106.73409306381213', '10.866611442656300'),
(861, '106.73418515062338', '10.866404259923252'),
(862, '106.73416503405743', '10.866367382305329'),
(863, '106.73416101074423', '10.866343016733830'),
(864, '106.73416034019203', '10.866322602334574'),
(865, '106.73416168129641', '10.866303504992047'),
(866, '106.73416905737061', '10.866281773531853'),
(867, '106.73418112731020', '10.866258725011726'),
(868, '106.73419856166737', '10.866239627665127'),
(869, '106.73421465492014', '10.866227774139036'),
(870, '106.73424013590369', '10.866217896200261'),
(871, '106.73426829909603', '10.866210652378289'),
(872, '106.73430048560160', '10.866210652378289'),
(873, '106.73433736597252', '10.866221188846560'),
(874, '106.73435547088190', '10.866232383843686'),
(875, '106.73437894020884', '10.866254773836658'),
(876, '106.73439570401382', '10.866280456473600'),
(877, '106.73440375064020', '10.866307456166465'),
(878, '106.73440643284900', '10.866332480269875'),
(879, '106.73440308008801', '10.866350260552585'),
(880, '106.77597924150105', '10.863539866694483'),
(881, '106.77387010320626', '10.864460497460215'),
(882, '106.76913944087530', '10.865790072932910'),
(883, '106.76705938778443', '10.866560223030135'),
(884, '106.76870968616862', '10.854469843529804'),
(885, '106.77095000124855', '10.854080143247947'),
(886, '106.77141117356143', '10.859059279332895'),
(887, '106.77222984456652', '10.858700180797408'),
(888, '106.75906958603468', '10.865009477351434'),
(889, '106.75932012704043', '10.864650833624745'),
(890, '106.75948037452854', '10.864370623844351');

--
-- Indexes for dumped tables
--

--
-- Indexes for table `ambulance`
--
ALTER TABLE `ambulance`
  ADD PRIMARY KEY (`idn`);

--
-- Indexes for table `arc`
--
ALTER TABLE `arc`
  ADD PRIMARY KEY (`ida`),
  ADD KEY `fk_arc_node_begin` (`inb`),
  ADD KEY `fk_arc_node_end` (`ine`);

--
-- Indexes for table `arc_point`
--
ALTER TABLE `arc_point`
  ADD PRIMARY KEY (`ida`,`idp`),
  ADD KEY `fk_arc_point_point` (`idp`);

--
-- Indexes for table `event`
--
ALTER TABLE `event`
  ADD PRIMARY KEY (`ide`);

--
-- Indexes for table `event_arc`
--
ALTER TABLE `event_arc`
  ADD PRIMARY KEY (`ida`,`ide`),
  ADD KEY `fk_event_arc_event` (`ide`);

--
-- Indexes for table `event_point`
--
ALTER TABLE `event_point`
  ADD PRIMARY KEY (`ide`,`idp`),
  ADD KEY `fk_arc_envent_point_point` (`idp`);

--
-- Indexes for table `hospital`
--
ALTER TABLE `hospital`
  ADD PRIMARY KEY (`idn`);

--
-- Indexes for table `house`
--
ALTER TABLE `house`
  ADD PRIMARY KEY (`idn`);

--
-- Indexes for table `node`
--
ALTER TABLE `node`
  ADD PRIMARY KEY (`idn`),
  ADD KEY `fk_node_point` (`idp`);

--
-- Indexes for table `point`
--
ALTER TABLE `point`
  ADD PRIMARY KEY (`idp`);

--
-- AUTO_INCREMENT for dumped tables
--

--
-- AUTO_INCREMENT for table `ambulance`
--
ALTER TABLE `ambulance`
  MODIFY `idn` int(11) NOT NULL AUTO_INCREMENT;

--
-- AUTO_INCREMENT for table `arc`
--
ALTER TABLE `arc`
  MODIFY `ida` int(11) NOT NULL AUTO_INCREMENT, AUTO_INCREMENT=26;

--
-- AUTO_INCREMENT for table `event`
--
ALTER TABLE `event`
  MODIFY `ide` int(11) NOT NULL AUTO_INCREMENT, AUTO_INCREMENT=16;

--
-- AUTO_INCREMENT for table `hospital`
--
ALTER TABLE `hospital`
  MODIFY `idn` int(11) NOT NULL AUTO_INCREMENT, AUTO_INCREMENT=6;

--
-- AUTO_INCREMENT for table `house`
--
ALTER TABLE `house`
  MODIFY `idn` int(11) NOT NULL AUTO_INCREMENT, AUTO_INCREMENT=16;

--
-- AUTO_INCREMENT for table `node`
--
ALTER TABLE `node`
  MODIFY `idn` int(11) NOT NULL AUTO_INCREMENT, AUTO_INCREMENT=16;

--
-- AUTO_INCREMENT for table `point`
--
ALTER TABLE `point`
  MODIFY `idp` int(11) NOT NULL AUTO_INCREMENT, AUTO_INCREMENT=891;

--
-- Constraints for dumped tables
--

--
-- Constraints for table `ambulance`
--
ALTER TABLE `ambulance`
  ADD CONSTRAINT `fk_ambulance` FOREIGN KEY (`idn`) REFERENCES `node` (`idn`);

--
-- Constraints for table `arc`
--
ALTER TABLE `arc`
  ADD CONSTRAINT `fk_arc_node_begin` FOREIGN KEY (`inb`) REFERENCES `node` (`idn`),
  ADD CONSTRAINT `fk_arc_node_end` FOREIGN KEY (`ine`) REFERENCES `node` (`idn`);

--
-- Constraints for table `arc_point`
--
ALTER TABLE `arc_point`
  ADD CONSTRAINT `fk_arc_point_arc` FOREIGN KEY (`ida`) REFERENCES `arc` (`ida`),
  ADD CONSTRAINT `fk_arc_point_point` FOREIGN KEY (`idp`) REFERENCES `point` (`idp`);

--
-- Constraints for table `event_arc`
--
ALTER TABLE `event_arc`
  ADD CONSTRAINT `fk_event_arc_arc` FOREIGN KEY (`ida`) REFERENCES `arc` (`ida`),
  ADD CONSTRAINT `fk_event_arc_event` FOREIGN KEY (`ide`) REFERENCES `event` (`ide`);

--
-- Constraints for table `event_point`
--
ALTER TABLE `event_point`
  ADD CONSTRAINT `fk_arc_envent_point_event` FOREIGN KEY (`ide`) REFERENCES `event` (`ide`),
  ADD CONSTRAINT `fk_arc_envent_point_point` FOREIGN KEY (`idp`) REFERENCES `point` (`idp`);

--
-- Constraints for table `hospital`
--
ALTER TABLE `hospital`
  ADD CONSTRAINT `fk_hospital_node` FOREIGN KEY (`idn`) REFERENCES `node` (`idn`);

--
-- Constraints for table `house`
--
ALTER TABLE `house`
  ADD CONSTRAINT `fk_house_node` FOREIGN KEY (`idn`) REFERENCES `node` (`idn`);

--
-- Constraints for table `node`
--
ALTER TABLE `node`
  ADD CONSTRAINT `fk_node_point` FOREIGN KEY (`idp`) REFERENCES `point` (`idp`);
COMMIT;

/*!40101 SET CHARACTER_SET_CLIENT=@OLD_CHARACTER_SET_CLIENT */;
/*!40101 SET CHARACTER_SET_RESULTS=@OLD_CHARACTER_SET_RESULTS */;
/*!40101 SET COLLATION_CONNECTION=@OLD_COLLATION_CONNECTION */;
